measure_id,measure_name,location_id,location_name,sex_id,sex_name,age_id,age_name,cause_id,cause_name,rei_id,rei_name,metric_id,metric_name,year,val,upper,lower
1,Deaths,1,Global,3,Both,235,95+ years,294,All causes,173,Cholera,1,Number,1990,242.7134035896512,296.998916970257,189.61017857708163
1,Deaths,1,Global,3,Both,235,95+ years,294,All causes,173,Cholera,1,Number,1991,247.5941136621069,302.3525555506611,193.846453127011
1,Deaths,1,Global,3,Both,235,95+ years,294,All causes,173,Cholera,1,Number,1992,252.7966815933181,308.6605452493636,198.21995091899203
1,Deaths,1,Global,3,Both,235,95+ years,294,All causes,173,Cholera,1,Number,1993,256.03841985677343,315.28942331080583,201.78235868626567
1,Deaths,1,Global,3,Both,235,95+ years,294,All causes,173,Cholera,1,Number,1994,258.9552986150109,319.35110107145977,202.7893621489916
1,Deaths,1,Global,3,Both,235,95+ years,294,All causes,173,Cholera,1,Number,1995,261.9244703938891,323.7916465880133,204.23541514592705
1,Deaths,1,Global,3,Both,235,95+ years,294,All causes,173,Cholera,1,Number,1996,264.0340839030051,327.65906972316304,207.7599743831796
1,Deaths,1,Global,3,Both,235,95+ years,294,All causes,173,Cholera,1,Number,1997,260.6568761085204,323.2784874394709,206.33264572297625
1,Deaths,1,Global,3,Both,235,95+ years,294,All causes,173,Cholera,1,Number,1998,258.45873068301233,318.7682874857874,204.07256572540484
1,Deaths,1,Global,3,Both,235,95+ years,294,All causes,173,Cholera,1,Number,1999,254.4608304418452,314.8956452044129,198.73448500589015
1,Deaths,1,Global,3,Both,235,95+ years,294,All causes,173,Cholera,1,Number,2000,254.96639352285277,315.52391956163814,198.62465333677443
1,Deaths,1,Global,3,Both,235,95+ years,294,All causes,173,Cholera,1,Number,2001,259.4415391514964,322.1294191984516,202.43371462111577
1,Deaths,1,Global,3,Both,235,95+ years,294,All causes,173,Cholera,1,Number,2002,263.95840692553367,328.1836379176312,205.4879980079964
1,Deaths,1,Global,3,Both,235,95+ years,294,All causes,173,Cholera,1,Number,2003,266.23706918335404,331.627191829758,207.99489761871016
1,Deaths,1,Global,3,Both,235,95+ years,294,All causes,173,Cholera,1,Number,2004,267.4493995477816,332.5610416730814,208.83922002141557
1,Deaths,1,Global,3,Both,235,95+ years,294,All causes,173,Cholera,1,Number,2005,266.8942866336986,333.25455608997936,208.7283465934988
1,Deaths,1,Global,3,Both,235,95+ years,294,All causes,173,Cholera,1,Number,2006,276.28399546262614,343.69524534471486,215.9247619369679
1,Deaths,1,Global,3,Both,235,95+ years,294,All causes,173,Cholera,1,Number,2007,289.28777543198385,364.3033759723428,226.95911867632805
1,Deaths,1,Global,3,Both,235,95+ years,294,All causes,173,Cholera,1,Number,2008,298.11186354390094,378.93429321572887,231.87667501869907
1,Deaths,1,Global,3,Both,235,95+ years,294,All causes,173,Cholera,1,Number,2009,303.68902904829616,387.9372635473226,234.27607425072785
1,Deaths,1,Global,3,Both,235,95+ years,294,All causes,173,Cholera,1,Number,2010,298.1045312969458,382.34477068515065,225.89284540939948
1,Deaths,1,Global,3,Both,235,95+ years,294,All causes,173,Cholera,1,Number,2011,293.59795457488053,379.8552164310462,221.69164227314891
1,Deaths,1,Global,3,Both,235,95+ years,294,All causes,173,Cholera,1,Number,2012,285.9073631306662,371.4081569746794,213.0050780457671
1,Deaths,1,Global,3,Both,235,95+ years,294,All causes,173,Cholera,1,Number,2013,284.1955119504942,373.69291617024777,209.9502229190022
1,Deaths,1,Global,3,Both,235,95+ years,294,All causes,173,Cholera,1,Number,2014,278.19027978704673,366.3761887040898,203.59140735607417
1,Deaths,1,Global,3,Both,235,95+ years,294,All causes,173,Cholera,1,Number,2015,269.38323047616586,354.7051108012068,198.2690459288328
1,Deaths,1,Global,3,Both,235,95+ years,294,All causes,173,Cholera,1,Number,2016,268.908931089412,355.7816657828695,195.5563676129524
1,Deaths,1,Global,3,Both,235,95+ years,294,All causes,173,Cholera,1,Number,2017,269.8880558626802,360.3535859389151,195.89889586332453
1,Deaths,1,Global,3,Both,235,95+ years,294,All causes,173,Cholera,1,Number,2018,272.14793989464465,365.0289463878239,192.71245019400584
1,Deaths,1,Global,3,Both,235,95+ years,294,All causes,173,Cholera,1,Number,2019,277.01809950163096,373.69553249703415,194.7809122642905
1,Deaths,1,Global,3,Both,235,95+ years,294,All causes,173,Cholera,1,Number,2020,277.2391405336368,377.3589878841468,194.22021013642643
1,Deaths,1,Global,3,Both,235,95+ years,294,All causes,173,Cholera,1,Number,2021,264.7745683874272,359.91693936908564,183.3841907362452
1,Deaths,1,Global,3,Both,8,15-19 years,294,All causes,173,Cholera,1,Number,1990,4102.895107253097,5168.5775190521545,3206.8753267314783
1,Deaths,1,Global,3,Both,8,15-19 years,294,All causes,173,Cholera,1,Number,1991,4198.9975909990335,5235.802851666444,3272.258154532706
1,Deaths,1,Global,3,Both,8,15-19 years,294,All causes,173,Cholera,1,Number,1992,4161.6589943914005,5194.755330399859,3257.986252931125
1,Deaths,1,Global,3,Both,8,15-19 years,294,All causes,173,Cholera,1,Number,1993,4128.340261816272,5136.361156534752,3209.491610584196
1,Deaths,1,Global,3,Both,8,15-19 years,294,All causes,173,Cholera,1,Number,1994,4102.376913314022,5028.431707954316,3193.8618468193526
1,Deaths,1,Global,3,Both,8,15-19 years,294,All causes,173,Cholera,1,Number,1995,4002.9051470590944,4947.194305413875,3127.006300484139
1,Deaths,1,Global,3,Both,8,15-19 years,294,All causes,173,Cholera,1,Number,1996,3941.105746782709,4849.110939234704,3065.724177342525
1,Deaths,1,Global,3,Both,8,15-19 years,294,All causes,173,Cholera,1,Number,1997,3793.973279025605,4681.649315497476,2940.5708289850445
1,Deaths,1,Global,3,Both,8,15-19 years,294,All causes,173,Cholera,1,Number,1998,3677.150147003263,4552.21362973781,2867.001684037965
1,Deaths,1,Global,3,Both,8,15-19 years,294,All causes,173,Cholera,1,Number,1999,3519.9900456403366,4367.508158663612,2756.282816697403
1,Deaths,1,Global,3,Both,8,15-19 years,294,All causes,173,Cholera,1,Number,2000,3359.660932631594,4135.139398585447,2624.790152540959
1,Deaths,1,Global,3,Both,8,15-19 years,294,All causes,173,Cholera,1,Number,2001,3229.479283491906,3974.9734644538735,2533.198954599795
1,Deaths,1,Global,3,Both,8,15-19 years,294,All causes,173,Cholera,1,Number,2002,3023.058495368373,3727.842316413402,2394.182603381939
1,Deaths,1,Global,3,Both,8,15-19 years,294,All causes,173,Cholera,1,Number,2003,2837.165554109521,3517.452310635152,2235.413057976906
1,Deaths,1,Global,3,Both,8,15-19 years,294,All causes,173,Cholera,1,Number,2004,2672.8455486475714,3289.0523774856565,2112.246954611336
1,Deaths,1,Global,3,Both,8,15-19 years,294,All causes,173,Cholera,1,Number,2005,2514.8943509373066,3050.601326228016,2011.4367638861304
1,Deaths,1,Global,3,Both,8,15-19 years,294,All causes,173,Cholera,1,Number,2006,2430.549061352652,2979.5666958602137,1923.27034997524
1,Deaths,1,Global,3,Both,8,15-19 years,294,All causes,173,Cholera,1,Number,2007,2340.088980144521,2849.239107709684,1879.761293739858
1,Deaths,1,Global,3,Both,8,15-19 years,294,All causes,173,Cholera,1,Number,2008,2243.582803473482,2774.457029729666,1765.1019685599072
1,Deaths,1,Global,3,Both,8,15-19 years,294,All causes,173,Cholera,1,Number,2009,2151.389431887125,2649.783964392498,1666.686940601915
1,Deaths,1,Global,3,Both,8,15-19 years,294,All causes,173,Cholera,1,Number,2010,2060.721952224876,2498.930103590349,1626.320185412464
1,Deaths,1,Global,3,Both,8,15-19 years,294,All causes,173,Cholera,1,Number,2011,2019.152078931918,2440.31668446393,1602.5400988100928
1,Deaths,1,Global,3,Both,8,15-19 years,294,All causes,173,Cholera,1,Number,2012,1901.6811376724208,2324.85600373709,1490.7688404473088
1,Deaths,1,Global,3,Both,8,15-19 years,294,All causes,173,Cholera,1,Number,2013,1843.89840662211,2295.777279187536,1421.6328933707389
1,Deaths,1,Global,3,Both,8,15-19 years,294,All causes,173,Cholera,1,Number,2014,1776.3006350168396,2243.296104684493,1348.4769387216909
1,Deaths,1,Global,3,Both,8,15-19 years,294,All causes,173,Cholera,1,Number,2015,1672.5108472805605,2104.9167972009,1266.578409542528
1,Deaths,1,Global,3,Both,8,15-19 years,294,All causes,173,Cholera,1,Number,2016,1649.0656316852462,2096.168093969204,1244.7553927008971
1,Deaths,1,Global,3,Both,8,15-19 years,294,All causes,173,Cholera,1,Number,2017,1626.095492296431,2078.7099870434376,1202.1223719477389
1,Deaths,1,Global,3,Both,8,15-19 years,294,All causes,173,Cholera,1,Number,2018,1587.8863046229126,2064.1339187385324,1148.131222824983
1,Deaths,1,Global,3,Both,8,15-19 years,294,All causes,173,Cholera,1,Number,2019,1548.1882513881003,2029.095688821944,1109.18280704002
1,Deaths,1,Global,3,Both,8,15-19 years,294,All causes,173,Cholera,1,Number,2020,1527.62280596956,1991.6220848831103,1088.5500105234946
1,Deaths,1,Global,3,Both,8,15-19 years,294,All causes,173,Cholera,1,Number,2021,1510.8080536557022,1990.2184757728085,1082.4409288959316
1,Deaths,1,Global,3,Both,9,20-24 years,294,All causes,173,Cholera,1,Number,1990,3982.1644959801215,5044.287787936499,2987.544749707417
1,Deaths,1,Global,3,Both,9,20-24 years,294,All causes,173,Cholera,1,Number,1991,4071.259932307276,5170.373320160619,3077.356739689958
1,Deaths,1,Global,3,Both,9,20-24 years,294,All causes,173,Cholera,1,Number,1992,4030.2891562742634,5044.256136641092,3023.4130365813608
1,Deaths,1,Global,3,Both,9,20-24 years,294,All causes,173,Cholera,1,Number,1993,3990.2135759271546,5031.172948998006,3020.43451441985
1,Deaths,1,Global,3,Both,9,20-24 years,294,All causes,173,Cholera,1,Number,1994,3964.6684186566704,4990.828556796162,3025.437213164974
1,Deaths,1,Global,3,Both,9,20-24 years,294,All causes,173,Cholera,1,Number,1995,3884.526918440181,4899.632002371927,2964.2327158930057
1,Deaths,1,Global,3,Both,9,20-24 years,294,All causes,173,Cholera,1,Number,1996,3852.140613565193,4820.762001067692,2922.623572788621
1,Deaths,1,Global,3,Both,9,20-24 years,294,All causes,173,Cholera,1,Number,1997,3734.6480105079486,4676.504057209548,2821.750831834433
1,Deaths,1,Global,3,Both,9,20-24 years,294,All causes,173,Cholera,1,Number,1998,3640.9970693604087,4561.58484764747,2736.975151472944
1,Deaths,1,Global,3,Both,9,20-24 years,294,All causes,173,Cholera,1,Number,1999,3513.0025141578194,4443.514802253789,2645.82357817684
1,Deaths,1,Global,3,Both,9,20-24 years,294,All causes,173,Cholera,1,Number,2000,3380.5200817483988,4205.302689059955,2545.7577809137406
1,Deaths,1,Global,3,Both,9,20-24 years,294,All causes,173,Cholera,1,Number,2001,3292.2750613007474,4114.364628637652,2544.5159683249576
1,Deaths,1,Global,3,Both,9,20-24 years,294,All causes,173,Cholera,1,Number,2002,3101.8984963847797,3917.992723656561,2363.7448467672702
1,Deaths,1,Global,3,Both,9,20-24 years,294,All causes,173,Cholera,1,Number,2003,2909.173446840725,3669.706432690953,2248.9306650590142
1,Deaths,1,Global,3,Both,9,20-24 years,294,All causes,173,Cholera,1,Number,2004,2732.5800012813647,3392.0209289047216,2107.7401821525277
1,Deaths,1,Global,3,Both,9,20-24 years,294,All causes,173,Cholera,1,Number,2005,2564.9462776765754,3158.264545070992,1972.8846935658848
1,Deaths,1,Global,3,Both,9,20-24 years,294,All causes,173,Cholera,1,Number,2006,2481.962494965949,3105.0884287501185,1948.7723424794651
1,Deaths,1,Global,3,Both,9,20-24 years,294,All causes,173,Cholera,1,Number,2007,2384.7756996217568,2995.2037960639736,1897.598765751281
1,Deaths,1,Global,3,Both,9,20-24 years,294,All causes,173,Cholera,1,Number,2008,2268.3876109360244,2830.1476660260787,1804.5479257092184
1,Deaths,1,Global,3,Both,9,20-24 years,294,All causes,173,Cholera,1,Number,2009,2160.0675876644164,2694.181796970716,1712.1059665344642
1,Deaths,1,Global,3,Both,9,20-24 years,294,All causes,173,Cholera,1,Number,2010,2057.5323384222006,2566.082007998952,1614.44096847439
1,Deaths,1,Global,3,Both,9,20-24 years,294,All causes,173,Cholera,1,Number,2011,2009.967309910715,2494.4133697476213,1577.7075828642924
1,Deaths,1,Global,3,Both,9,20-24 years,294,All causes,173,Cholera,1,Number,2012,1893.039225847928,2341.761018219327,1488.3908226171102
1,Deaths,1,Global,3,Both,9,20-24 years,294,All causes,173,Cholera,1,Number,2013,1834.6283131416344,2294.164204533943,1412.343752742764
1,Deaths,1,Global,3,Both,9,20-24 years,294,All causes,173,Cholera,1,Number,2014,1760.5822151926775,2221.062959716415,1339.3254409636647
1,Deaths,1,Global,3,Both,9,20-24 years,294,All causes,173,Cholera,1,Number,2015,1666.2883387599256,2107.887427488248,1247.819291333919
1,Deaths,1,Global,3,Both,9,20-24 years,294,All causes,173,Cholera,1,Number,2016,1660.839181458995,2136.9011919686736,1235.7527765666375
1,Deaths,1,Global,3,Both,9,20-24 years,294,All causes,173,Cholera,1,Number,2017,1642.8025586185006,2101.190358508781,1194.5682583856296
1,Deaths,1,Global,3,Both,9,20-24 years,294,All causes,173,Cholera,1,Number,2018,1608.367787169488,2091.6486279646933,1172.0609315875886
1,Deaths,1,Global,3,Both,9,20-24 years,294,All causes,173,Cholera,1,Number,2019,1571.1227381874237,2058.033331225221,1112.134686033154
1,Deaths,1,Global,3,Both,9,20-24 years,294,All causes,173,Cholera,1,Number,2020,1550.6575891089828,2048.474975675349,1100.6672544858868
1,Deaths,1,Global,3,Both,9,20-24 years,294,All causes,173,Cholera,1,Number,2021,1537.3053930277222,2025.961838858893,1104.79194924066
1,Deaths,1,Global,3,Both,10,25-29 years,294,All causes,173,Cholera,1,Number,1990,4795.098626945884,5959.162591487782,3655.9487810979663
1,Deaths,1,Global,3,Both,10,25-29 years,294,All causes,173,Cholera,1,Number,1991,4882.481270910134,6057.998802927847,3724.883823716768
1,Deaths,1,Global,3,Both,10,25-29 years,294,All causes,173,Cholera,1,Number,1992,4834.850121855781,6003.201559250709,3700.160831274268
1,Deaths,1,Global,3,Both,10,25-29 years,294,All causes,173,Cholera,1,Number,1993,4768.584437329265,5862.096001144766,3644.615539694833
1,Deaths,1,Global,3,Both,10,25-29 years,294,All causes,173,Cholera,1,Number,1994,4701.827765765424,5794.477908834495,3644.25843870891
1,Deaths,1,Global,3,Both,10,25-29 years,294,All causes,173,Cholera,1,Number,1995,4572.239263001378,5569.742766762774,3518.1798552369846
1,Deaths,1,Global,3,Both,10,25-29 years,294,All causes,173,Cholera,1,Number,1996,4498.973861571884,5535.93229036764,3431.1319613992964
1,Deaths,1,Global,3,Both,10,25-29 years,294,All causes,173,Cholera,1,Number,1997,4351.982320927455,5306.6857951229085,3328.891590400497
1,Deaths,1,Global,3,Both,10,25-29 years,294,All causes,173,Cholera,1,Number,1998,4250.493914973723,5259.947077577081,3269.0481540792607
1,Deaths,1,Global,3,Both,10,25-29 years,294,All causes,173,Cholera,1,Number,1999,4127.145947289057,5091.931029156042,3188.0028078042533
1,Deaths,1,Global,3,Both,10,25-29 years,294,All causes,173,Cholera,1,Number,2000,4000.066422833648,4865.981905011826,3087.2335022827483
1,Deaths,1,Global,3,Both,10,25-29 years,294,All causes,173,Cholera,1,Number,2001,3903.223083276791,4774.145792361098,3011.727776074075
1,Deaths,1,Global,3,Both,10,25-29 years,294,All causes,173,Cholera,1,Number,2002,3700.196500079253,4482.884974400929,2886.358491003905
1,Deaths,1,Global,3,Both,10,25-29 years,294,All causes,173,Cholera,1,Number,2003,3502.745944678456,4280.409835664736,2761.894754684279
1,Deaths,1,Global,3,Both,10,25-29 years,294,All causes,173,Cholera,1,Number,2004,3321.390745282559,4067.954051255501,2627.116367851585
1,Deaths,1,Global,3,Both,10,25-29 years,294,All causes,173,Cholera,1,Number,2005,3152.53476413941,3817.022605616743,2509.508900205715
1,Deaths,1,Global,3,Both,10,25-29 years,294,All causes,173,Cholera,1,Number,2006,3071.3446796470816,3723.907397082744,2489.2701066734285
1,Deaths,1,Global,3,Both,10,25-29 years,294,All causes,173,Cholera,1,Number,2007,2967.7736833194203,3648.651907598135,2433.7182051004465
1,Deaths,1,Global,3,Both,10,25-29 years,294,All causes,173,Cholera,1,Number,2008,2840.21217390893,3486.3169126383564,2321.3086456128444
1,Deaths,1,Global,3,Both,10,25-29 years,294,All causes,173,Cholera,1,Number,2009,2725.221425066512,3326.591691850382,2206.9236531742604
1,Deaths,1,Global,3,Both,10,25-29 years,294,All causes,173,Cholera,1,Number,2010,2610.136082042471,3181.2331836894546,2147.629497097369
1,Deaths,1,Global,3,Both,10,25-29 years,294,All causes,173,Cholera,1,Number,2011,2544.8390847181627,3060.676651674092,2078.90549286269
1,Deaths,1,Global,3,Both,10,25-29 years,294,All causes,173,Cholera,1,Number,2012,2423.4958069288987,2933.2783714827574,1980.7717031142272
1,Deaths,1,Global,3,Both,10,25-29 years,294,All causes,173,Cholera,1,Number,2013,2357.2503991569934,2840.585326498267,1923.7640889694208
1,Deaths,1,Global,3,Both,10,25-29 years,294,All causes,173,Cholera,1,Number,2014,2270.3968678135902,2773.382375228556,1862.7570318722685
1,Deaths,1,Global,3,Both,10,25-29 years,294,All causes,173,Cholera,1,Number,2015,2158.4548798060214,2611.5881893668384,1751.411774315663
1,Deaths,1,Global,3,Both,10,25-29 years,294,All causes,173,Cholera,1,Number,2016,2154.150405157154,2633.5478951059417,1738.0057997779832
1,Deaths,1,Global,3,Both,10,25-29 years,294,All causes,173,Cholera,1,Number,2017,2150.4390085539385,2686.025694388037,1716.4544185691088
1,Deaths,1,Global,3,Both,10,25-29 years,294,All causes,173,Cholera,1,Number,2018,2126.090933690979,2647.545795764963,1656.489149018078
1,Deaths,1,Global,3,Both,10,25-29 years,294,All causes,173,Cholera,1,Number,2019,2088.25241807079,2623.883785405385,1606.5776114445912
1,Deaths,1,Global,3,Both,10,25-29 years,294,All causes,173,Cholera,1,Number,2020,2066.2205257580995,2591.494174976344,1589.1561800527577
1,Deaths,1,Global,3,Both,10,25-29 years,294,All causes,173,Cholera,1,Number,2021,2053.211857302525,2584.4893745877885,1576.255580300134
1,Deaths,1,Global,3,Both,11,30-34 years,294,All causes,173,Cholera,1,Number,1990,5363.813572613862,6613.50784672996,4038.683916697367
1,Deaths,1,Global,3,Both,11,30-34 years,294,All causes,173,Cholera,1,Number,1991,5473.240523627275,6735.81649352147,4151.282611355387
1,Deaths,1,Global,3,Both,11,30-34 years,294,All causes,173,Cholera,1,Number,1992,5439.686844626416,6693.879822662188,4037.1031718642025
1,Deaths,1,Global,3,Both,11,30-34 years,294,All causes,173,Cholera,1,Number,1993,5387.541884936466,6518.625680881698,4063.568680295368
1,Deaths,1,Global,3,Both,11,30-34 years,294,All causes,173,Cholera,1,Number,1994,5333.977680834161,6486.353864866636,4051.287678478402
1,Deaths,1,Global,3,Both,11,30-34 years,294,All causes,173,Cholera,1,Number,1995,5183.375471504569,6283.437809304165,3893.922556859335
1,Deaths,1,Global,3,Both,11,30-34 years,294,All causes,173,Cholera,1,Number,1996,5095.862540982603,6199.697333360629,3798.828667670901
1,Deaths,1,Global,3,Both,11,30-34 years,294,All causes,173,Cholera,1,Number,1997,4938.156318561554,5987.141949999408,3720.434016472372
1,Deaths,1,Global,3,Both,11,30-34 years,294,All causes,173,Cholera,1,Number,1998,4821.8331000613125,5928.644491178604,3648.958349223533
1,Deaths,1,Global,3,Both,11,30-34 years,294,All causes,173,Cholera,1,Number,1999,4678.007835288353,5700.453610091781,3562.322101445868
1,Deaths,1,Global,3,Both,11,30-34 years,294,All causes,173,Cholera,1,Number,2000,4517.678097213432,5471.86355805279,3401.259078480033
1,Deaths,1,Global,3,Both,11,30-34 years,294,All causes,173,Cholera,1,Number,2001,4386.416859563525,5307.160088662411,3364.9074863841324
1,Deaths,1,Global,3,Both,11,30-34 years,294,All causes,173,Cholera,1,Number,2002,4161.270994700387,5051.236883712172,3198.970947119787
1,Deaths,1,Global,3,Both,11,30-34 years,294,All causes,173,Cholera,1,Number,2003,3950.842077466316,4794.55312781246,3098.726330187462
1,Deaths,1,Global,3,Both,11,30-34 years,294,All causes,173,Cholera,1,Number,2004,3754.134971091945,4562.980398458854,2981.368688205379
1,Deaths,1,Global,3,Both,11,30-34 years,294,All causes,173,Cholera,1,Number,2005,3574.77739011424,4363.96580288207,2842.263051035842
1,Deaths,1,Global,3,Both,11,30-34 years,294,All causes,173,Cholera,1,Number,2006,3492.6117031780827,4253.157698202278,2826.190356031041
1,Deaths,1,Global,3,Both,11,30-34 years,294,All causes,173,Cholera,1,Number,2007,3396.8785019426123,4126.555740792775,2739.602270642318
1,Deaths,1,Global,3,Both,11,30-34 years,294,All causes,173,Cholera,1,Number,2008,3275.9963414635563,3983.804300990496,2622.292536541325
1,Deaths,1,Global,3,Both,11,30-34 years,294,All causes,173,Cholera,1,Number,2009,3166.0076664069898,3869.05999531841,2555.9264641068357
1,Deaths,1,Global,3,Both,11,30-34 years,294,All causes,173,Cholera,1,Number,2010,3050.375142915247,3671.023285968312,2472.909794278104
1,Deaths,1,Global,3,Both,11,30-34 years,294,All causes,173,Cholera,1,Number,2011,2988.273710677689,3541.1589077850317,2432.357273408752
1,Deaths,1,Global,3,Both,11,30-34 years,294,All causes,173,Cholera,1,Number,2012,2858.51852002667,3428.6890840717983,2293.1235467187835
1,Deaths,1,Global,3,Both,11,30-34 years,294,All causes,173,Cholera,1,Number,2013,2783.760975576577,3391.7182565918847,2252.272281948176
1,Deaths,1,Global,3,Both,11,30-34 years,294,All causes,173,Cholera,1,Number,2014,2695.644269142292,3274.9256304950013,2187.618863083076
1,Deaths,1,Global,3,Both,11,30-34 years,294,All causes,173,Cholera,1,Number,2015,2584.863531368152,3180.137382378216,2087.129205153536
1,Deaths,1,Global,3,Both,11,30-34 years,294,All causes,173,Cholera,1,Number,2016,2586.614082769696,3182.6115934203463,2063.094885140773
1,Deaths,1,Global,3,Both,11,30-34 years,294,All causes,173,Cholera,1,Number,2017,2592.0196161113413,3233.1709353326696,2046.4488179659204
1,Deaths,1,Global,3,Both,11,30-34 years,294,All causes,173,Cholera,1,Number,2018,2578.892862266093,3228.7479995221,2002.8847994543144
1,Deaths,1,Global,3,Both,11,30-34 years,294,All causes,173,Cholera,1,Number,2019,2535.140008487739,3196.391565342208,1961.903905451895
1,Deaths,1,Global,3,Both,11,30-34 years,294,All causes,173,Cholera,1,Number,2020,2494.836713109601,3142.866000764953,1924.0042251992188
1,Deaths,1,Global,3,Both,11,30-34 years,294,All causes,173,Cholera,1,Number,2021,2465.919802064069,3133.7945809695684,1891.2034330764477
1,Deaths,1,Global,3,Both,12,35-39 years,294,All causes,173,Cholera,1,Number,1990,6062.355544542083,7521.251131263943,4498.147744594309
1,Deaths,1,Global,3,Both,12,35-39 years,294,All causes,173,Cholera,1,Number,1991,6145.232369691034,7648.158210466803,4617.829101096649
1,Deaths,1,Global,3,Both,12,35-39 years,294,All causes,173,Cholera,1,Number,1992,6096.746212861037,7587.00014687558,4569.425418531567
1,Deaths,1,Global,3,Both,12,35-39 years,294,All causes,173,Cholera,1,Number,1993,6026.484843199288,7462.0656058268305,4533.807855724208
1,Deaths,1,Global,3,Both,12,35-39 years,294,All causes,173,Cholera,1,Number,1994,5969.9161504998665,7342.056404471291,4506.0364459746415
1,Deaths,1,Global,3,Both,12,35-39 years,294,All causes,173,Cholera,1,Number,1995,5832.138728920818,7159.624906776185,4399.082119950074
1,Deaths,1,Global,3,Both,12,35-39 years,294,All causes,173,Cholera,1,Number,1996,5753.310655955185,7006.048812886719,4270.892806871744
1,Deaths,1,Global,3,Both,12,35-39 years,294,All causes,173,Cholera,1,Number,1997,5588.387932604425,6848.869139363194,4198.858081551934
1,Deaths,1,Global,3,Both,12,35-39 years,294,All causes,173,Cholera,1,Number,1998,5465.662888116908,6761.833616669408,4145.9691151622455
1,Deaths,1,Global,3,Both,12,35-39 years,294,All causes,173,Cholera,1,Number,1999,5308.036814877888,6504.338086370941,4011.322685619944
1,Deaths,1,Global,3,Both,12,35-39 years,294,All causes,173,Cholera,1,Number,2000,5137.645304041021,6260.081158763996,3905.0913869583055
1,Deaths,1,Global,3,Both,12,35-39 years,294,All causes,173,Cholera,1,Number,2001,5011.249312330566,6093.848423549475,3811.186659251898
1,Deaths,1,Global,3,Both,12,35-39 years,294,All causes,173,Cholera,1,Number,2002,4759.056261585192,5757.840177500788,3619.4028836050666
1,Deaths,1,Global,3,Both,12,35-39 years,294,All causes,173,Cholera,1,Number,2003,4503.127460477785,5474.2924515338345,3496.8547296922907
1,Deaths,1,Global,3,Both,12,35-39 years,294,All causes,173,Cholera,1,Number,2004,4263.154340554733,5268.073326036859,3280.7296972507447
1,Deaths,1,Global,3,Both,12,35-39 years,294,All causes,173,Cholera,1,Number,2005,4052.344866561712,4932.057535762091,3168.313403016633
1,Deaths,1,Global,3,Both,12,35-39 years,294,All causes,173,Cholera,1,Number,2006,3951.201892566844,4828.199891924845,3122.418930148572
1,Deaths,1,Global,3,Both,12,35-39 years,294,All causes,173,Cholera,1,Number,2007,3841.582218018839,4753.7719943808,3039.817486163184
1,Deaths,1,Global,3,Both,12,35-39 years,294,All causes,173,Cholera,1,Number,2008,3707.238520961035,4498.629255844534,2955.822819850763
1,Deaths,1,Global,3,Both,12,35-39 years,294,All causes,173,Cholera,1,Number,2009,3585.8563369623957,4335.76402228591,2857.6320817946503
1,Deaths,1,Global,3,Both,12,35-39 years,294,All causes,173,Cholera,1,Number,2010,3454.0903901487363,4180.087144268551,2750.2771700361595
1,Deaths,1,Global,3,Both,12,35-39 years,294,All causes,173,Cholera,1,Number,2011,3382.428721992618,4065.4125804144446,2719.2748649507657
1,Deaths,1,Global,3,Both,12,35-39 years,294,All causes,173,Cholera,1,Number,2012,3260.742595730533,3916.490727247624,2595.5771061651094
1,Deaths,1,Global,3,Both,12,35-39 years,294,All causes,173,Cholera,1,Number,2013,3189.8505749397245,3860.484677264686,2519.2826019847994
1,Deaths,1,Global,3,Both,12,35-39 years,294,All causes,173,Cholera,1,Number,2014,3105.5304251285543,3768.482345821464,2452.557105549893
1,Deaths,1,Global,3,Both,12,35-39 years,294,All causes,173,Cholera,1,Number,2015,2998.709459494724,3650.965063132676,2352.9987235274893
1,Deaths,1,Global,3,Both,12,35-39 years,294,All causes,173,Cholera,1,Number,2016,3029.5550286231028,3669.256230412806,2363.31769934496
1,Deaths,1,Global,3,Both,12,35-39 years,294,All causes,173,Cholera,1,Number,2017,3057.6662275092235,3805.843529773029,2362.967667796932
1,Deaths,1,Global,3,Both,12,35-39 years,294,All causes,173,Cholera,1,Number,2018,3049.5227849851617,3782.0938843846734,2300.3797630841227
1,Deaths,1,Global,3,Both,12,35-39 years,294,All causes,173,Cholera,1,Number,2019,3006.839111439911,3791.033154059789,2295.944265668545
1,Deaths,1,Global,3,Both,12,35-39 years,294,All causes,173,Cholera,1,Number,2020,2965.05246043358,3735.6605513235354,2240.497573954557
1,Deaths,1,Global,3,Both,12,35-39 years,294,All causes,173,Cholera,1,Number,2021,2931.759827249204,3717.1777860605966,2220.815227792613
1,Deaths,1,Global,3,Both,13,40-44 years,294,All causes,173,Cholera,1,Number,1990,6356.59121791661,7972.0233976815825,4816.560716567463
1,Deaths,1,Global,3,Both,13,40-44 years,294,All causes,173,Cholera,1,Number,1991,6510.317624570999,8125.837427396485,4958.371895830851
1,Deaths,1,Global,3,Both,13,40-44 years,294,All causes,173,Cholera,1,Number,1992,6521.962755423546,8176.016274546288,4913.842240009201
1,Deaths,1,Global,3,Both,13,40-44 years,294,All causes,173,Cholera,1,Number,1993,6490.298640585303,8048.051479684855,4913.845547474279
1,Deaths,1,Global,3,Both,13,40-44 years,294,All causes,173,Cholera,1,Number,1994,6481.126235501246,8074.479442960484,4936.739386790604
1,Deaths,1,Global,3,Both,13,40-44 years,294,All causes,173,Cholera,1,Number,1995,6412.344768576377,7990.017889519935,4939.809294469095
1,Deaths,1,Global,3,Both,13,40-44 years,294,All causes,173,Cholera,1,Number,1996,6289.80002750206,7803.823989803555,4754.756061554896
1,Deaths,1,Global,3,Both,13,40-44 years,294,All causes,173,Cholera,1,Number,1997,6106.791066995245,7524.781420255671,4662.253231195866
1,Deaths,1,Global,3,Both,13,40-44 years,294,All causes,173,Cholera,1,Number,1998,5967.132378230101,7332.017514683672,4549.704781229373
1,Deaths,1,Global,3,Both,13,40-44 years,294,All causes,173,Cholera,1,Number,1999,5797.6888449055805,7238.042026032035,4416.56940213697
1,Deaths,1,Global,3,Both,13,40-44 years,294,All causes,173,Cholera,1,Number,2000,5598.892190985787,6839.830306513619,4306.367949561587
1,Deaths,1,Global,3,Both,13,40-44 years,294,All causes,173,Cholera,1,Number,2001,5459.043513130368,6675.174130147805,4181.519110613017
1,Deaths,1,Global,3,Both,13,40-44 years,294,All causes,173,Cholera,1,Number,2002,5205.136880096399,6343.430653272054,4065.2577981801833
1,Deaths,1,Global,3,Both,13,40-44 years,294,All causes,173,Cholera,1,Number,2003,4954.633593496477,6102.2506689024285,3838.674387077576
1,Deaths,1,Global,3,Both,13,40-44 years,294,All causes,173,Cholera,1,Number,2004,4701.59381029549,5676.10310086595,3634.976589028824
1,Deaths,1,Global,3,Both,13,40-44 years,294,All causes,173,Cholera,1,Number,2005,4462.413492604776,5486.515673405969,3530.038096258924
1,Deaths,1,Global,3,Both,13,40-44 years,294,All causes,173,Cholera,1,Number,2006,4364.103471021539,5365.678814036308,3501.9365458911616
1,Deaths,1,Global,3,Both,13,40-44 years,294,All causes,173,Cholera,1,Number,2007,4255.178168561654,5259.115441412612,3380.8691550658923
1,Deaths,1,Global,3,Both,13,40-44 years,294,All causes,173,Cholera,1,Number,2008,4104.331885346353,5026.536045948589,3263.8532513911005
1,Deaths,1,Global,3,Both,13,40-44 years,294,All causes,173,Cholera,1,Number,2009,3963.085388534425,4896.065869493516,3144.431632932517
1,Deaths,1,Global,3,Both,13,40-44 years,294,All causes,173,Cholera,1,Number,2010,3809.3368379195313,4653.07514971185,3049.4900051277064
1,Deaths,1,Global,3,Both,13,40-44 years,294,All causes,173,Cholera,1,Number,2011,3732.8529637731135,4540.707621247329,2956.553663050934
1,Deaths,1,Global,3,Both,13,40-44 years,294,All causes,173,Cholera,1,Number,2012,3594.610402347743,4443.409735245506,2826.204087488786
1,Deaths,1,Global,3,Both,13,40-44 years,294,All causes,173,Cholera,1,Number,2013,3507.9753594623853,4390.682670963928,2750.9463801811207
1,Deaths,1,Global,3,Both,13,40-44 years,294,All causes,173,Cholera,1,Number,2014,3411.7684908164533,4263.062522193072,2659.3519118007134
1,Deaths,1,Global,3,Both,13,40-44 years,294,All causes,173,Cholera,1,Number,2015,3281.3246407493248,4146.046241332351,2538.7856053294463
1,Deaths,1,Global,3,Both,13,40-44 years,294,All causes,173,Cholera,1,Number,2016,3322.6693229076477,4142.707910477714,2557.954490371015
1,Deaths,1,Global,3,Both,13,40-44 years,294,All causes,173,Cholera,1,Number,2017,3379.236900099563,4293.392932577601,2596.159425939408
1,Deaths,1,Global,3,Both,13,40-44 years,294,All causes,173,Cholera,1,Number,2018,3406.8920996627267,4346.089184367562,2544.5973525100326
1,Deaths,1,Global,3,Both,13,40-44 years,294,All causes,173,Cholera,1,Number,2019,3375.794756094643,4354.540405964382,2565.058370808719
1,Deaths,1,Global,3,Both,13,40-44 years,294,All causes,173,Cholera,1,Number,2020,3352.169828476169,4322.809780694299,2526.1156170805216
1,Deaths,1,Global,3,Both,13,40-44 years,294,All causes,173,Cholera,1,Number,2021,3329.2447720690125,4290.146335397818,2519.369226911719
1,Deaths,1,Global,3,Both,14,45-49 years,294,All causes,173,Cholera,1,Number,1990,7225.010937975294,8952.366125637804,5476.88995894231
1,Deaths,1,Global,3,Both,14,45-49 years,294,All causes,173,Cholera,1,Number,1991,7260.070950589686,8956.747100477452,5480.289356507114
1,Deaths,1,Global,3,Both,14,45-49 years,294,All causes,173,Cholera,1,Number,1992,7113.596257088269,8863.921182369813,5293.877317531129
1,Deaths,1,Global,3,Both,14,45-49 years,294,All causes,173,Cholera,1,Number,1993,6941.266166561678,8525.232057328947,5305.640497427736
1,Deaths,1,Global,3,Both,14,45-49 years,294,All causes,173,Cholera,1,Number,1994,6746.167586613843,8288.096429078092,5162.070622765308
1,Deaths,1,Global,3,Both,14,45-49 years,294,All causes,173,Cholera,1,Number,1995,6542.411193159359,8074.475928974367,4942.0369249832775
1,Deaths,1,Global,3,Both,14,45-49 years,294,All causes,173,Cholera,1,Number,1996,6500.755389285886,7913.93524933317,4868.530470826377
1,Deaths,1,Global,3,Both,14,45-49 years,294,All causes,173,Cholera,1,Number,1997,6365.051266758223,7846.47474188532,4813.631031737364
1,Deaths,1,Global,3,Both,14,45-49 years,294,All causes,173,Cholera,1,Number,1998,6238.308954049216,7623.249227823361,4760.517831045532
1,Deaths,1,Global,3,Both,14,45-49 years,294,All causes,173,Cholera,1,Number,1999,6110.512017849289,7485.759055291946,4667.510969789818
1,Deaths,1,Global,3,Both,14,45-49 years,294,All causes,173,Cholera,1,Number,2000,5946.188492286797,7217.333422883012,4572.725154564398
1,Deaths,1,Global,3,Both,14,45-49 years,294,All causes,173,Cholera,1,Number,2001,5760.668581796384,7159.318361949319,4408.026830401263
1,Deaths,1,Global,3,Both,14,45-49 years,294,All causes,173,Cholera,1,Number,2002,5474.831349960523,6744.286522205086,4295.52004776393
1,Deaths,1,Global,3,Both,14,45-49 years,294,All causes,173,Cholera,1,Number,2003,5211.315994213286,6434.929119868946,4026.1412921780193
1,Deaths,1,Global,3,Both,14,45-49 years,294,All causes,173,Cholera,1,Number,2004,4979.8744622793,6079.821207570552,3900.547712370976
1,Deaths,1,Global,3,Both,14,45-49 years,294,All causes,173,Cholera,1,Number,2005,4752.776973615095,5848.560962696025,3737.4834933484935
1,Deaths,1,Global,3,Both,14,45-49 years,294,All causes,173,Cholera,1,Number,2006,4659.090730367336,5723.973486801428,3704.7064640469553
1,Deaths,1,Global,3,Both,14,45-49 years,294,All causes,173,Cholera,1,Number,2007,4551.000625132246,5705.709895318224,3564.743444322324
1,Deaths,1,Global,3,Both,14,45-49 years,294,All causes,173,Cholera,1,Number,2008,4408.1247376604,5460.196949098741,3490.6610525752767
1,Deaths,1,Global,3,Both,14,45-49 years,294,All causes,173,Cholera,1,Number,2009,4279.543514037799,5433.149049697914,3374.4094040554155
1,Deaths,1,Global,3,Both,14,45-49 years,294,All causes,173,Cholera,1,Number,2010,4123.624048454792,5115.006660237207,3283.384517628441
1,Deaths,1,Global,3,Both,14,45-49 years,294,All causes,173,Cholera,1,Number,2011,4044.054802165536,4972.982916355864,3180.7529156903365
1,Deaths,1,Global,3,Both,14,45-49 years,294,All causes,173,Cholera,1,Number,2012,3901.338309344261,4838.566576542102,3074.113334726749
1,Deaths,1,Global,3,Both,14,45-49 years,294,All causes,173,Cholera,1,Number,2013,3807.4546077053815,4751.808824241047,3046.2328940649663
1,Deaths,1,Global,3,Both,14,45-49 years,294,All causes,173,Cholera,1,Number,2014,3683.2017553196574,4604.646227102333,2866.7624023194526
1,Deaths,1,Global,3,Both,14,45-49 years,294,All causes,173,Cholera,1,Number,2015,3530.6338980960045,4491.097687014355,2742.39978776664
1,Deaths,1,Global,3,Both,14,45-49 years,294,All causes,173,Cholera,1,Number,2016,3575.323593551024,4614.1615489691685,2753.152209259458
1,Deaths,1,Global,3,Both,14,45-49 years,294,All causes,173,Cholera,1,Number,2017,3633.211128735257,4671.907235967123,2780.2140073764363
1,Deaths,1,Global,3,Both,14,45-49 years,294,All causes,173,Cholera,1,Number,2018,3670.958384187652,4737.188764488012,2700.520190414987
1,Deaths,1,Global,3,Both,14,45-49 years,294,All causes,173,Cholera,1,Number,2019,3631.604313493513,4724.105174776949,2747.895681356345
1,Deaths,1,Global,3,Both,14,45-49 years,294,All causes,173,Cholera,1,Number,2020,3608.869696755432,4681.908743566396,2692.716877396173
1,Deaths,1,Global,3,Both,14,45-49 years,294,All causes,173,Cholera,1,Number,2021,3590.1413705310324,4710.894053639302,2692.445968081477
1,Deaths,1,Global,3,Both,15,50-54 years,294,All causes,173,Cholera,1,Number,1990,8117.522329939326,10119.15289545809,6317.713886592136
1,Deaths,1,Global,3,Both,15,50-54 years,294,All causes,173,Cholera,1,Number,1991,8119.304814207636,10071.381353790872,6214.159620766885
1,Deaths,1,Global,3,Both,15,50-54 years,294,All causes,173,Cholera,1,Number,1992,7985.103922476431,9999.39408526764,6073.875032583799
1,Deaths,1,Global,3,Both,15,50-54 years,294,All causes,173,Cholera,1,Number,1993,7819.76876424738,9587.448815584772,6039.7620523901805
1,Deaths,1,Global,3,Both,15,50-54 years,294,All causes,173,Cholera,1,Number,1994,7648.187006174951,9420.005464831804,6012.271694389372
1,Deaths,1,Global,3,Both,15,50-54 years,294,All causes,173,Cholera,1,Number,1995,7357.309719014157,9085.284681536506,5770.684327088027
1,Deaths,1,Global,3,Both,15,50-54 years,294,All causes,173,Cholera,1,Number,1996,7184.751628314256,8885.36763121447,5567.097017306847
1,Deaths,1,Global,3,Both,15,50-54 years,294,All causes,173,Cholera,1,Number,1997,6881.345726684552,8475.51461324494,5375.395220356571
1,Deaths,1,Global,3,Both,15,50-54 years,294,All causes,173,Cholera,1,Number,1998,6555.461030890222,8081.431469761151,5093.924906136308
1,Deaths,1,Global,3,Both,15,50-54 years,294,All causes,173,Cholera,1,Number,1999,6179.649018471024,7698.368235583115,4824.218404816775
1,Deaths,1,Global,3,Both,15,50-54 years,294,All causes,173,Cholera,1,Number,2000,5925.336616064487,7199.691643872519,4567.666295587588
1,Deaths,1,Global,3,Both,15,50-54 years,294,All causes,173,Cholera,1,Number,2001,5815.420914168712,7218.967395587566,4510.327498589164
1,Deaths,1,Global,3,Both,15,50-54 years,294,All causes,173,Cholera,1,Number,2002,5574.275345150088,6800.041980616889,4410.610613364555
1,Deaths,1,Global,3,Both,15,50-54 years,294,All causes,173,Cholera,1,Number,2003,5346.013539258791,6582.000293119581,4196.131606943437
1,Deaths,1,Global,3,Both,15,50-54 years,294,All causes,173,Cholera,1,Number,2004,5167.053178628026,6379.018469884548,4074.946607829009
1,Deaths,1,Global,3,Both,15,50-54 years,294,All causes,173,Cholera,1,Number,2005,4915.562535738512,6065.236825998284,3918.909734862961
1,Deaths,1,Global,3,Both,15,50-54 years,294,All causes,173,Cholera,1,Number,2006,4803.998347796203,5912.965254648354,3852.9393475592833
1,Deaths,1,Global,3,Both,15,50-54 years,294,All causes,173,Cholera,1,Number,2007,4699.2435142870645,5991.457626509436,3769.1331787419977
1,Deaths,1,Global,3,Both,15,50-54 years,294,All causes,173,Cholera,1,Number,2008,4578.5374035479135,5653.674430689018,3688.108985004737
1,Deaths,1,Global,3,Both,15,50-54 years,294,All causes,173,Cholera,1,Number,2009,4477.159874858568,5651.889084823411,3537.320298899172
1,Deaths,1,Global,3,Both,15,50-54 years,294,All causes,173,Cholera,1,Number,2010,4328.491549385175,5444.56778278676,3457.599661272143
1,Deaths,1,Global,3,Both,15,50-54 years,294,All causes,173,Cholera,1,Number,2011,4249.089109518634,5351.16091784675,3379.5130401804454
1,Deaths,1,Global,3,Both,15,50-54 years,294,All causes,173,Cholera,1,Number,2012,4082.787182136885,5161.273219545317,3172.982643037541
1,Deaths,1,Global,3,Both,15,50-54 years,294,All causes,173,Cholera,1,Number,2013,3975.522554817671,5032.617601270305,3092.0838232886417
1,Deaths,1,Global,3,Both,15,50-54 years,294,All causes,173,Cholera,1,Number,2014,3855.6285782847513,4927.179446153028,2967.353454174045
1,Deaths,1,Global,3,Both,15,50-54 years,294,All causes,173,Cholera,1,Number,2015,3698.541758200354,4768.826245663986,2827.102111683069
1,Deaths,1,Global,3,Both,15,50-54 years,294,All causes,173,Cholera,1,Number,2016,3757.973168549305,4843.717923967886,2847.373692469051
1,Deaths,1,Global,3,Both,15,50-54 years,294,All causes,173,Cholera,1,Number,2017,3829.876330396897,4998.7482969613575,2870.162868650593
1,Deaths,1,Global,3,Both,15,50-54 years,294,All causes,173,Cholera,1,Number,2018,3882.004834239545,5112.024039316257,2853.048566707184
1,Deaths,1,Global,3,Both,15,50-54 years,294,All causes,173,Cholera,1,Number,2019,3835.046981826455,5106.9594925374295,2878.1748771765187
1,Deaths,1,Global,3,Both,15,50-54 years,294,All causes,173,Cholera,1,Number,2020,3797.601302229372,5022.730292794458,2829.3575265996733
1,Deaths,1,Global,3,Both,15,50-54 years,294,All causes,173,Cholera,1,Number,2021,3763.14800917134,4996.945879031156,2818.093231230354
1,Deaths,1,Global,3,Both,16,55-59 years,294,All causes,173,Cholera,1,Number,1990,8758.27330223099,10975.034812774364,6839.729641955917
1,Deaths,1,Global,3,Both,16,55-59 years,294,All causes,173,Cholera,1,Number,1991,8773.529094426533,11060.05335164694,6677.0732407346495
1,Deaths,1,Global,3,Both,16,55-59 years,294,All causes,173,Cholera,1,Number,1992,8664.039673774283,11036.558077778784,6610.04975684081
1,Deaths,1,Global,3,Both,16,55-59 years,294,All causes,173,Cholera,1,Number,1993,8478.683480329295,10633.673120786085,6563.461867807728
1,Deaths,1,Global,3,Both,16,55-59 years,294,All causes,173,Cholera,1,Number,1994,8261.310329961569,10221.056914794408,6403.8253930430965
1,Deaths,1,Global,3,Both,16,55-59 years,294,All causes,173,Cholera,1,Number,1995,7946.984985616287,9906.27977677995,6188.165140939398
1,Deaths,1,Global,3,Both,16,55-59 years,294,All causes,173,Cholera,1,Number,1996,7722.196484173961,9553.881748070353,5838.675517093736
1,Deaths,1,Global,3,Both,16,55-59 years,294,All causes,173,Cholera,1,Number,1997,7408.509735650841,9240.803067965611,5735.942707610351
1,Deaths,1,Global,3,Both,16,55-59 years,294,All causes,173,Cholera,1,Number,1998,7095.971400017264,8878.255031920644,5472.170806691629
1,Deaths,1,Global,3,Both,16,55-59 years,294,All causes,173,Cholera,1,Number,1999,6766.554527827373,8573.68473953014,5237.206456409107
1,Deaths,1,Global,3,Both,16,55-59 years,294,All causes,173,Cholera,1,Number,2000,6378.059438715468,7909.678271362498,5032.626023486728
1,Deaths,1,Global,3,Both,16,55-59 years,294,All causes,173,Cholera,1,Number,2001,6142.244937961292,7688.57701770685,4812.590888617402
1,Deaths,1,Global,3,Both,16,55-59 years,294,All causes,173,Cholera,1,Number,2002,5734.813027381273,7223.648864804825,4554.024583162349
1,Deaths,1,Global,3,Both,16,55-59 years,294,All causes,173,Cholera,1,Number,2003,5333.13335414134,6602.208995621364,4230.124406889376
1,Deaths,1,Global,3,Both,16,55-59 years,294,All causes,173,Cholera,1,Number,2004,4964.781670594112,6256.730489508709,3935.182989614633
1,Deaths,1,Global,3,Both,16,55-59 years,294,All causes,173,Cholera,1,Number,2005,4758.185880528116,5983.185227504044,3803.996361226408
1,Deaths,1,Global,3,Both,16,55-59 years,294,All causes,173,Cholera,1,Number,2006,4695.95779802375,5955.566288150481,3682.249628379568
1,Deaths,1,Global,3,Both,16,55-59 years,294,All causes,173,Cholera,1,Number,2007,4612.371854982331,5933.376085716405,3631.373223644995
1,Deaths,1,Global,3,Both,16,55-59 years,294,All causes,173,Cholera,1,Number,2008,4518.490733029635,5675.162929177177,3580.0875133533827
1,Deaths,1,Global,3,Both,16,55-59 years,294,All causes,173,Cholera,1,Number,2009,4458.154028633349,5711.993610086131,3535.872369980275
1,Deaths,1,Global,3,Both,16,55-59 years,294,All causes,173,Cholera,1,Number,2010,4284.547287599563,5446.044748884904,3366.143309802412
1,Deaths,1,Global,3,Both,16,55-59 years,294,All causes,173,Cholera,1,Number,2011,4196.68107980374,5348.37385206531,3278.87820609505
1,Deaths,1,Global,3,Both,16,55-59 years,294,All causes,173,Cholera,1,Number,2012,4026.231629160586,5102.99503049388,3077.078430552946
1,Deaths,1,Global,3,Both,16,55-59 years,294,All causes,173,Cholera,1,Number,2013,3907.962326762367,5022.406827220068,2952.1234516605045
1,Deaths,1,Global,3,Both,16,55-59 years,294,All causes,173,Cholera,1,Number,2014,3784.576688310016,4877.935015569983,2803.753592766242
1,Deaths,1,Global,3,Both,16,55-59 years,294,All causes,173,Cholera,1,Number,2015,3642.029395641087,4749.001116917076,2703.149441076819
1,Deaths,1,Global,3,Both,16,55-59 years,294,All causes,173,Cholera,1,Number,2016,3725.4749314992737,4884.679765357704,2738.405210948576
1,Deaths,1,Global,3,Both,16,55-59 years,294,All causes,173,Cholera,1,Number,2017,3815.9944538364703,5052.233799306145,2800.089753516568
1,Deaths,1,Global,3,Both,16,55-59 years,294,All causes,173,Cholera,1,Number,2018,3883.076343700542,5158.388369062302,2772.0686804429647
1,Deaths,1,Global,3,Both,16,55-59 years,294,All causes,173,Cholera,1,Number,2019,3853.0676291831696,5217.830616277228,2803.2923065972245
1,Deaths,1,Global,3,Both,16,55-59 years,294,All causes,173,Cholera,1,Number,2020,3825.649254838004,5168.710601608422,2769.415088741536
1,Deaths,1,Global,3,Both,16,55-59 years,294,All causes,173,Cholera,1,Number,2021,3797.6144342192,5139.580910101344,2749.4065463244524
1,Deaths,1,Global,3,Both,17,60-64 years,294,All causes,173,Cholera,1,Number,1990,10925.065754419997,13290.66255613514,8711.25105777477
1,Deaths,1,Global,3,Both,17,60-64 years,294,All causes,173,Cholera,1,Number,1991,11049.35904173033,13421.309139631494,8709.350539460658
1,Deaths,1,Global,3,Both,17,60-64 years,294,All causes,173,Cholera,1,Number,1992,10956.83083085146,13325.324271716889,8548.127870276061
1,Deaths,1,Global,3,Both,17,60-64 years,294,All causes,173,Cholera,1,Number,1993,10750.807512276911,13039.214234935544,8453.325382880568
1,Deaths,1,Global,3,Both,17,60-64 years,294,All causes,173,Cholera,1,Number,1994,10492.740569201742,12672.794749278766,8354.627714409835
1,Deaths,1,Global,3,Both,17,60-64 years,294,All causes,173,Cholera,1,Number,1995,10104.15542494351,12257.16196339888,8016.096177996996
1,Deaths,1,Global,3,Both,17,60-64 years,294,All causes,173,Cholera,1,Number,1996,9832.786621709873,11796.00823521705,7737.060982576077
1,Deaths,1,Global,3,Both,17,60-64 years,294,All causes,173,Cholera,1,Number,1997,9492.873254453934,11513.041549334064,7462.988967299045
1,Deaths,1,Global,3,Both,17,60-64 years,294,All causes,173,Cholera,1,Number,1998,9103.887822945166,11046.113629810898,7222.798732851978
1,Deaths,1,Global,3,Both,17,60-64 years,294,All causes,173,Cholera,1,Number,1999,8612.82917319579,10489.843653138554,6846.509635162778
1,Deaths,1,Global,3,Both,17,60-64 years,294,All causes,173,Cholera,1,Number,2000,8146.319714226769,9834.3661935298,6575.5074482089785
1,Deaths,1,Global,3,Both,17,60-64 years,294,All causes,173,Cholera,1,Number,2001,7802.366701515096,9432.396176109349,6238.39678723627
1,Deaths,1,Global,3,Both,17,60-64 years,294,All causes,173,Cholera,1,Number,2002,7374.778083377916,8967.994925604478,5940.21791225834
1,Deaths,1,Global,3,Both,17,60-64 years,294,All causes,173,Cholera,1,Number,2003,6977.228911374151,8405.34655780394,5598.831385731892
1,Deaths,1,Global,3,Both,17,60-64 years,294,All causes,173,Cholera,1,Number,2004,6635.371381572743,8079.366904735677,5376.697212436842
1,Deaths,1,Global,3,Both,17,60-64 years,294,All causes,173,Cholera,1,Number,2005,6242.85428198548,7503.34393950708,5041.951230299172
1,Deaths,1,Global,3,Both,17,60-64 years,294,All causes,173,Cholera,1,Number,2006,6069.448398007834,7395.189600918187,4903.868785975619
1,Deaths,1,Global,3,Both,17,60-64 years,294,All causes,173,Cholera,1,Number,2007,5853.779623796839,7200.806828679348,4743.392879205281
1,Deaths,1,Global,3,Both,17,60-64 years,294,All causes,173,Cholera,1,Number,2008,5597.277420632711,6821.135725048272,4548.0365696304125
1,Deaths,1,Global,3,Both,17,60-64 years,294,All causes,173,Cholera,1,Number,2009,5348.66463460756,6487.391550727476,4291.597994154757
1,Deaths,1,Global,3,Both,17,60-64 years,294,All causes,173,Cholera,1,Number,2010,5212.419489832208,6364.1319033056025,4237.980443592724
1,Deaths,1,Global,3,Both,17,60-64 years,294,All causes,173,Cholera,1,Number,2011,5157.636926348321,6313.174293276212,4110.39202083715
1,Deaths,1,Global,3,Both,17,60-64 years,294,All causes,173,Cholera,1,Number,2012,4984.360804013186,6202.916150917781,3959.9676194586464
1,Deaths,1,Global,3,Both,17,60-64 years,294,All causes,173,Cholera,1,Number,2013,4863.168497293199,6080.085628173445,3848.019300987845
1,Deaths,1,Global,3,Both,17,60-64 years,294,All causes,173,Cholera,1,Number,2014,4753.084086655315,5901.922837038763,3647.8663339684895
1,Deaths,1,Global,3,Both,17,60-64 years,294,All causes,173,Cholera,1,Number,2015,4603.5769259848885,5797.340762276806,3542.512355427932
1,Deaths,1,Global,3,Both,17,60-64 years,294,All causes,173,Cholera,1,Number,2016,4655.724695928117,5840.13391775496,3561.899768025286
1,Deaths,1,Global,3,Both,17,60-64 years,294,All causes,173,Cholera,1,Number,2017,4740.979160710437,6091.474051489933,3575.426422627232
1,Deaths,1,Global,3,Both,17,60-64 years,294,All causes,173,Cholera,1,Number,2018,4816.645464334457,6206.235273164566,3650.694784827454
1,Deaths,1,Global,3,Both,17,60-64 years,294,All causes,173,Cholera,1,Number,2019,4795.7961164438575,6204.376369243699,3609.6630989689193
1,Deaths,1,Global,3,Both,17,60-64 years,294,All causes,173,Cholera,1,Number,2020,4771.840920161988,6213.883830433075,3602.714898503213
1,Deaths,1,Global,3,Both,17,60-64 years,294,All causes,173,Cholera,1,Number,2021,4734.1953356306685,6121.814339455679,3532.1697014896545
1,Deaths,1,Global,3,Both,18,65-69 years,294,All causes,173,Cholera,1,Number,1990,13107.529821820408,15897.636072852,10294.41250722223
1,Deaths,1,Global,3,Both,18,65-69 years,294,All causes,173,Cholera,1,Number,1991,13237.672483420807,15897.1928388597,10486.402682683947
1,Deaths,1,Global,3,Both,18,65-69 years,294,All causes,173,Cholera,1,Number,1992,13166.173790306962,15808.825240053797,10420.174245577651
1,Deaths,1,Global,3,Both,18,65-69 years,294,All causes,173,Cholera,1,Number,1993,13031.04507914616,15585.24506417792,10351.568304610904
1,Deaths,1,Global,3,Both,18,65-69 years,294,All causes,173,Cholera,1,Number,1994,12924.088915179247,15381.28401477652,10276.998798466218
1,Deaths,1,Global,3,Both,18,65-69 years,294,All causes,173,Cholera,1,Number,1995,12602.434400407945,14976.23458018569,10040.427551367546
1,Deaths,1,Global,3,Both,18,65-69 years,294,All causes,173,Cholera,1,Number,1996,12399.982066625802,14736.163279378554,9814.476763591338
1,Deaths,1,Global,3,Both,18,65-69 years,294,All causes,173,Cholera,1,Number,1997,12012.819333496564,14228.187079944735,9541.153215891009
1,Deaths,1,Global,3,Both,18,65-69 years,294,All causes,173,Cholera,1,Number,1998,11550.123290423302,13711.763110639436,9275.28875405989
1,Deaths,1,Global,3,Both,18,65-69 years,294,All causes,173,Cholera,1,Number,1999,10976.789270691175,13061.01692618956,8787.139620695909
1,Deaths,1,Global,3,Both,18,65-69 years,294,All causes,173,Cholera,1,Number,2000,10455.59624588202,12311.84678458853,8461.647465438298
1,Deaths,1,Global,3,Both,18,65-69 years,294,All causes,173,Cholera,1,Number,2001,10135.695693980191,12021.870963048314,8165.593532785953
1,Deaths,1,Global,3,Both,18,65-69 years,294,All causes,173,Cholera,1,Number,2002,9715.692537979994,11584.225658757206,7821.40839147189
1,Deaths,1,Global,3,Both,18,65-69 years,294,All causes,173,Cholera,1,Number,2003,9266.860099967587,10880.83282485831,7404.626151202239
1,Deaths,1,Global,3,Both,18,65-69 years,294,All causes,173,Cholera,1,Number,2004,8855.920979179728,10534.926472736866,7182.252679113721
1,Deaths,1,Global,3,Both,18,65-69 years,294,All causes,173,Cholera,1,Number,2005,8456.235861100002,9951.88604156398,6872.522515511173
1,Deaths,1,Global,3,Both,18,65-69 years,294,All causes,173,Cholera,1,Number,2006,8218.60812801815,9731.273659037844,6800.506358896155
1,Deaths,1,Global,3,Both,18,65-69 years,294,All causes,173,Cholera,1,Number,2007,7990.328769583771,9519.282855647649,6505.949371429038
1,Deaths,1,Global,3,Both,18,65-69 years,294,All causes,173,Cholera,1,Number,2008,7739.2929307908225,9277.782448362816,6297.328987462509
1,Deaths,1,Global,3,Both,18,65-69 years,294,All causes,173,Cholera,1,Number,2009,7510.3410571173745,8998.330382196502,6068.543037851264
1,Deaths,1,Global,3,Both,18,65-69 years,294,All causes,173,Cholera,1,Number,2010,7200.121371630132,8553.970294841954,5895.622053973796
1,Deaths,1,Global,3,Both,18,65-69 years,294,All causes,173,Cholera,1,Number,2011,7003.583872176847,8382.869729014365,5689.4755530229
1,Deaths,1,Global,3,Both,18,65-69 years,294,All causes,173,Cholera,1,Number,2012,6660.300785256145,8155.151190348377,5448.075851422127
1,Deaths,1,Global,3,Both,18,65-69 years,294,All causes,173,Cholera,1,Number,2013,6372.170273262674,7829.338479445263,5137.350679461297
1,Deaths,1,Global,3,Both,18,65-69 years,294,All causes,173,Cholera,1,Number,2014,6110.645364252828,7482.5012669759,4899.094117507994
1,Deaths,1,Global,3,Both,18,65-69 years,294,All causes,173,Cholera,1,Number,2015,5929.079219135236,7239.863338983092,4739.07073678529
1,Deaths,1,Global,3,Both,18,65-69 years,294,All causes,173,Cholera,1,Number,2016,6023.224168246934,7297.788513560962,4729.536635606492
1,Deaths,1,Global,3,Both,18,65-69 years,294,All causes,173,Cholera,1,Number,2017,6128.887371493681,7691.454549195727,4840.644372305178
1,Deaths,1,Global,3,Both,18,65-69 years,294,All causes,173,Cholera,1,Number,2018,6212.427020002985,7809.764755939313,4827.397111140535
1,Deaths,1,Global,3,Both,18,65-69 years,294,All causes,173,Cholera,1,Number,2019,6212.131885175058,7729.283018013336,4847.892139784859
1,Deaths,1,Global,3,Both,18,65-69 years,294,All causes,173,Cholera,1,Number,2020,6220.842342532756,7734.813810365179,4836.014409971488
1,Deaths,1,Global,3,Both,18,65-69 years,294,All causes,173,Cholera,1,Number,2021,6145.265732203096,7728.065208325139,4786.04290236811
1,Deaths,1,Global,3,Both,19,70-74 years,294,All causes,173,Cholera,1,Number,1990,13584.668829854958,16355.958522442084,10827.326492990804
1,Deaths,1,Global,3,Both,19,70-74 years,294,All causes,173,Cholera,1,Number,1991,13788.052478827556,16519.94366606925,11042.349320139949
1,Deaths,1,Global,3,Both,19,70-74 years,294,All causes,173,Cholera,1,Number,1992,13771.65169080561,16470.361764341746,10897.77753751729
1,Deaths,1,Global,3,Both,19,70-74 years,294,All causes,173,Cholera,1,Number,1993,13658.526382959695,16436.641533037888,10951.077601672583
1,Deaths,1,Global,3,Both,19,70-74 years,294,All causes,173,Cholera,1,Number,1994,13469.094269363874,16037.97400355736,10792.4125906464
1,Deaths,1,Global,3,Both,19,70-74 years,294,All causes,173,Cholera,1,Number,1995,13125.35966700893,15625.093438607491,10543.523631382144
1,Deaths,1,Global,3,Both,19,70-74 years,294,All causes,173,Cholera,1,Number,1996,12873.221859080844,15343.443175868397,10340.279501676006
1,Deaths,1,Global,3,Both,19,70-74 years,294,All causes,173,Cholera,1,Number,1997,12504.725825440191,14944.248574242896,10034.274213350189
1,Deaths,1,Global,3,Both,19,70-74 years,294,All causes,173,Cholera,1,Number,1998,12161.176864055633,14359.500184983512,9804.10737554752
1,Deaths,1,Global,3,Both,19,70-74 years,294,All causes,173,Cholera,1,Number,1999,11766.685449384302,14055.396347920294,9479.72101902311
1,Deaths,1,Global,3,Both,19,70-74 years,294,All causes,173,Cholera,1,Number,2000,11382.339664688794,13510.353985948455,9182.3029610734
1,Deaths,1,Global,3,Both,19,70-74 years,294,All causes,173,Cholera,1,Number,2001,11160.832892883616,13334.824393194813,8912.265613397576
1,Deaths,1,Global,3,Both,19,70-74 years,294,All causes,173,Cholera,1,Number,2002,10801.217901484337,12856.433125234133,8638.51631299568
1,Deaths,1,Global,3,Both,19,70-74 years,294,All causes,173,Cholera,1,Number,2003,10408.128886346818,12301.125959221516,8239.85471131505
1,Deaths,1,Global,3,Both,19,70-74 years,294,All causes,173,Cholera,1,Number,2004,10022.022729480026,12076.977989478984,8052.737815531078
1,Deaths,1,Global,3,Both,19,70-74 years,294,All causes,173,Cholera,1,Number,2005,9577.805441814606,11497.056664245589,7750.969805019175
1,Deaths,1,Global,3,Both,19,70-74 years,294,All causes,173,Cholera,1,Number,2006,9367.262907564553,11266.645843773622,7606.337267567926
1,Deaths,1,Global,3,Both,19,70-74 years,294,All causes,173,Cholera,1,Number,2007,9197.37679322106,11134.301051306962,7372.32326918398
1,Deaths,1,Global,3,Both,19,70-74 years,294,All causes,173,Cholera,1,Number,2008,8944.512024726704,10715.543906888766,7163.875115654914
1,Deaths,1,Global,3,Both,19,70-74 years,294,All causes,173,Cholera,1,Number,2009,8666.35211798497,10338.085598851829,6893.44728505005
1,Deaths,1,Global,3,Both,19,70-74 years,294,All causes,173,Cholera,1,Number,2010,8355.213625112177,10071.111057494923,6714.37122414271
1,Deaths,1,Global,3,Both,19,70-74 years,294,All causes,173,Cholera,1,Number,2011,8082.575807251574,9788.712409633494,6478.770409878667
1,Deaths,1,Global,3,Both,19,70-74 years,294,All causes,173,Cholera,1,Number,2012,7684.969059678281,9369.43369081019,6117.372901210145
1,Deaths,1,Global,3,Both,19,70-74 years,294,All causes,173,Cholera,1,Number,2013,7345.33576530328,9023.58859723672,5807.663199778507
1,Deaths,1,Global,3,Both,19,70-74 years,294,All causes,173,Cholera,1,Number,2014,7002.533368003779,8577.37417431391,5508.053510925891
1,Deaths,1,Global,3,Both,19,70-74 years,294,All causes,173,Cholera,1,Number,2015,6666.670333876813,8137.614128853033,5249.462996054173
1,Deaths,1,Global,3,Both,19,70-74 years,294,All causes,173,Cholera,1,Number,2016,6644.72969035557,8196.057944004406,5181.176020269497
1,Deaths,1,Global,3,Both,19,70-74 years,294,All causes,173,Cholera,1,Number,2017,6617.568440493482,8359.470338634897,5137.844432411926
1,Deaths,1,Global,3,Both,19,70-74 years,294,All causes,173,Cholera,1,Number,2018,6556.281791616751,8254.878262845585,5028.986352341684
1,Deaths,1,Global,3,Both,19,70-74 years,294,All causes,173,Cholera,1,Number,2019,6463.076065498838,8099.348322046017,4990.74698723964
1,Deaths,1,Global,3,Both,19,70-74 years,294,All causes,173,Cholera,1,Number,2020,6425.946235769662,8073.645760199768,4945.67866626821
1,Deaths,1,Global,3,Both,19,70-74 years,294,All causes,173,Cholera,1,Number,2021,6415.112820087834,8086.332513566944,4890.612749816038
1,Deaths,1,Global,3,Both,20,75-79 years,294,All causes,173,Cholera,1,Number,1990,11362.827912728166,13625.095640362024,9214.36118423975
1,Deaths,1,Global,3,Both,20,75-79 years,294,All causes,173,Cholera,1,Number,1991,11540.346430673177,13857.28190628347,9446.0713063176
1,Deaths,1,Global,3,Both,20,75-79 years,294,All causes,173,Cholera,1,Number,1992,11613.57810588881,13892.092351826854,9466.574974883484
1,Deaths,1,Global,3,Both,20,75-79 years,294,All causes,173,Cholera,1,Number,1993,11582.310323636564,13795.319315562385,9465.742964947423
1,Deaths,1,Global,3,Both,20,75-79 years,294,All causes,173,Cholera,1,Number,1994,11550.19564960066,13792.73058966832,9393.143629337948
1,Deaths,1,Global,3,Both,20,75-79 years,294,All causes,173,Cholera,1,Number,1995,11374.54010855328,13571.06431567977,9238.079972955233
1,Deaths,1,Global,3,Both,20,75-79 years,294,All causes,173,Cholera,1,Number,1996,11213.274205178972,13371.69611382015,9079.10661489
1,Deaths,1,Global,3,Both,20,75-79 years,294,All causes,173,Cholera,1,Number,1997,10885.713691091272,12950.141195982344,8892.324313319987
1,Deaths,1,Global,3,Both,20,75-79 years,294,All causes,173,Cholera,1,Number,1998,10563.644835376384,12598.537959988833,8590.883643514138
1,Deaths,1,Global,3,Both,20,75-79 years,294,All causes,173,Cholera,1,Number,1999,10163.889295998864,12165.434061864802,8281.583669772906
1,Deaths,1,Global,3,Both,20,75-79 years,294,All causes,173,Cholera,1,Number,2000,9909.471338301631,11825.414339476272,8077.944503254761
1,Deaths,1,Global,3,Both,20,75-79 years,294,All causes,173,Cholera,1,Number,2001,9662.068847113262,11518.886609979312,7864.665287755839
1,Deaths,1,Global,3,Both,20,75-79 years,294,All causes,173,Cholera,1,Number,2002,9498.45546683456,11418.276697127843,7712.818389255525
1,Deaths,1,Global,3,Both,20,75-79 years,294,All causes,173,Cholera,1,Number,2003,9236.778003316842,11051.085258767143,7435.264116241487
1,Deaths,1,Global,3,Both,20,75-79 years,294,All causes,173,Cholera,1,Number,2004,9113.290082734156,10927.040897835384,7329.08272061193
1,Deaths,1,Global,3,Both,20,75-79 years,294,All causes,173,Cholera,1,Number,2005,8912.915501563086,10717.390171417806,7190.037391684791
1,Deaths,1,Global,3,Both,20,75-79 years,294,All causes,173,Cholera,1,Number,2006,8874.15856832536,10696.100814200396,7209.606384015561
1,Deaths,1,Global,3,Both,20,75-79 years,294,All causes,173,Cholera,1,Number,2007,8660.251977222288,10496.30358259022,6958.6081374213145
1,Deaths,1,Global,3,Both,20,75-79 years,294,All causes,173,Cholera,1,Number,2008,8498.532471923952,10281.157493482322,6837.5343324882415
1,Deaths,1,Global,3,Both,20,75-79 years,294,All causes,173,Cholera,1,Number,2009,8225.154676869093,9966.4140722367,6517.292926708273
1,Deaths,1,Global,3,Both,20,75-79 years,294,All causes,173,Cholera,1,Number,2010,7915.925202881712,9623.75231952364,6321.632537089462
1,Deaths,1,Global,3,Both,20,75-79 years,294,All causes,173,Cholera,1,Number,2011,7694.975413035216,9387.839473920983,6108.725204728895
1,Deaths,1,Global,3,Both,20,75-79 years,294,All causes,173,Cholera,1,Number,2012,7320.676216084457,9006.254701886584,5764.139430430403
1,Deaths,1,Global,3,Both,20,75-79 years,294,All causes,173,Cholera,1,Number,2013,7017.894403494449,8745.388344925577,5525.666347830525
1,Deaths,1,Global,3,Both,20,75-79 years,294,All causes,173,Cholera,1,Number,2014,6669.810391470737,8444.899405396096,5197.564487815577
1,Deaths,1,Global,3,Both,20,75-79 years,294,All causes,173,Cholera,1,Number,2015,6396.226464171547,8065.869609194593,4934.414237941133
1,Deaths,1,Global,3,Both,20,75-79 years,294,All causes,173,Cholera,1,Number,2016,6260.895807525578,7919.690396451824,4809.098397121501
1,Deaths,1,Global,3,Both,20,75-79 years,294,All causes,173,Cholera,1,Number,2017,6194.830226996503,7881.374284502948,4691.998405187861
1,Deaths,1,Global,3,Both,20,75-79 years,294,All causes,173,Cholera,1,Number,2018,6113.160553481648,7791.342325802647,4578.277314436018
1,Deaths,1,Global,3,Both,20,75-79 years,294,All causes,173,Cholera,1,Number,2019,6018.921938746506,7689.066518505277,4514.31867205427
1,Deaths,1,Global,3,Both,20,75-79 years,294,All causes,173,Cholera,1,Number,2020,5913.565855780499,7584.040282043125,4427.710129752995
1,Deaths,1,Global,3,Both,20,75-79 years,294,All causes,173,Cholera,1,Number,2021,5782.906214392406,7456.352446408237,4318.573994160595
1,Deaths,1,Global,3,Both,30,80-84 years,294,All causes,173,Cholera,1,Number,1990,7172.028748111952,8764.542104903687,5874.117544426263
1,Deaths,1,Global,3,Both,30,80-84 years,294,All causes,173,Cholera,1,Number,1991,7278.434919005921,8868.146212911866,5982.58220960639
1,Deaths,1,Global,3,Both,30,80-84 years,294,All causes,173,Cholera,1,Number,1992,7321.779032214408,8846.286049695549,6009.731309217571
1,Deaths,1,Global,3,Both,30,80-84 years,294,All causes,173,Cholera,1,Number,1993,7282.941653201021,8777.980318535148,5965.504454388289
1,Deaths,1,Global,3,Both,30,80-84 years,294,All causes,173,Cholera,1,Number,1994,7235.648717175785,8722.024206690021,5928.610132691987
1,Deaths,1,Global,3,Both,30,80-84 years,294,All causes,173,Cholera,1,Number,1995,7129.083270814244,8603.511529876721,5843.618079593045
1,Deaths,1,Global,3,Both,30,80-84 years,294,All causes,173,Cholera,1,Number,1996,7025.996330419657,8408.08098610632,5757.747344459805
1,Deaths,1,Global,3,Both,30,80-84 years,294,All causes,173,Cholera,1,Number,1997,6863.948262824985,8191.500940296766,5654.881523660672
1,Deaths,1,Global,3,Both,30,80-84 years,294,All causes,173,Cholera,1,Number,1998,6727.336948454484,8045.724642701462,5518.702709332957
1,Deaths,1,Global,3,Both,30,80-84 years,294,All causes,173,Cholera,1,Number,1999,6547.176823058917,7867.250628668782,5415.230049477697
1,Deaths,1,Global,3,Both,30,80-84 years,294,All causes,173,Cholera,1,Number,2000,6422.579415052789,7688.388001430882,5284.883590385776
1,Deaths,1,Global,3,Both,30,80-84 years,294,All causes,173,Cholera,1,Number,2001,6313.678116055922,7609.439765655341,5158.47987758662
1,Deaths,1,Global,3,Both,30,80-84 years,294,All causes,173,Cholera,1,Number,2002,6239.70959369219,7544.036962313748,5081.86032441901
1,Deaths,1,Global,3,Both,30,80-84 years,294,All causes,173,Cholera,1,Number,2003,6113.948235646804,7336.221917836507,4937.876721316588
1,Deaths,1,Global,3,Both,30,80-84 years,294,All causes,173,Cholera,1,Number,2004,6017.077779544737,7271.756093746872,4843.233593836315
1,Deaths,1,Global,3,Both,30,80-84 years,294,All causes,173,Cholera,1,Number,2005,5874.922113399142,7087.031324751474,4740.925678483502
1,Deaths,1,Global,3,Both,30,80-84 years,294,All causes,173,Cholera,1,Number,2006,5849.8583487475,7147.003079267126,4705.6226919222845
1,Deaths,1,Global,3,Both,30,80-84 years,294,All causes,173,Cholera,1,Number,2007,5789.522650868041,7072.395889917767,4665.107807585997
1,Deaths,1,Global,3,Both,30,80-84 years,294,All causes,173,Cholera,1,Number,2008,5771.957581186132,7086.761381973327,4634.88277820541
1,Deaths,1,Global,3,Both,30,80-84 years,294,All causes,173,Cholera,1,Number,2009,5707.773206155082,7009.369864612058,4502.2390154876375
1,Deaths,1,Global,3,Both,30,80-84 years,294,All causes,173,Cholera,1,Number,2010,5599.581336922986,6913.307977155561,4441.252021337943
1,Deaths,1,Global,3,Both,30,80-84 years,294,All causes,173,Cholera,1,Number,2011,5486.05797876388,6785.794836662849,4336.170214230697
1,Deaths,1,Global,3,Both,30,80-84 years,294,All causes,173,Cholera,1,Number,2012,5233.965774812639,6528.035753255501,4083.2579778623767
1,Deaths,1,Global,3,Both,30,80-84 years,294,All causes,173,Cholera,1,Number,2013,5030.084795984513,6349.916719049737,3910.2284219030553
1,Deaths,1,Global,3,Both,30,80-84 years,294,All causes,173,Cholera,1,Number,2014,4792.570131830257,6131.298437842268,3680.648729555097
1,Deaths,1,Global,3,Both,30,80-84 years,294,All causes,173,Cholera,1,Number,2015,4582.097685453594,5868.663441778596,3488.281411049167
1,Deaths,1,Global,3,Both,30,80-84 years,294,All causes,173,Cholera,1,Number,2016,4518.301728176248,5800.771971989474,3433.734640422168
1,Deaths,1,Global,3,Both,30,80-84 years,294,All causes,173,Cholera,1,Number,2017,4489.813024047056,5810.404348105013,3360.983963590089
1,Deaths,1,Global,3,Both,30,80-84 years,294,All causes,173,Cholera,1,Number,2018,4440.575959135066,5824.7988749944925,3297.421617125402
1,Deaths,1,Global,3,Both,30,80-84 years,294,All causes,173,Cholera,1,Number,2019,4377.553321372033,5746.770334205649,3220.23128028596
1,Deaths,1,Global,3,Both,30,80-84 years,294,All causes,173,Cholera,1,Number,2020,4304.861848893612,5680.236420522557,3176.5888179765725
1,Deaths,1,Global,3,Both,30,80-84 years,294,All causes,173,Cholera,1,Number,2021,4143.9005152770005,5463.010258954098,3031.5901803979978
1,Deaths,1,Global,3,Both,31,85-89 years,294,All causes,173,Cholera,1,Number,1990,3206.800735216206,3901.2820646777054,2633.257782324177
1,Deaths,1,Global,3,Both,31,85-89 years,294,All causes,173,Cholera,1,Number,1991,3297.460609417293,3996.1696889816058,2711.545802093045
1,Deaths,1,Global,3,Both,31,85-89 years,294,All causes,173,Cholera,1,Number,1992,3353.9167256548494,4088.95934612056,2766.368967879792
1,Deaths,1,Global,3,Both,31,85-89 years,294,All causes,173,Cholera,1,Number,1993,3359.3526403417472,4106.102918836871,2751.789629351837
1,Deaths,1,Global,3,Both,31,85-89 years,294,All causes,173,Cholera,1,Number,1994,3349.6828482068004,4071.823223685107,2740.739813529221
1,Deaths,1,Global,3,Both,31,85-89 years,294,All causes,173,Cholera,1,Number,1995,3314.8435404325533,4042.108758014781,2715.151732242106
1,Deaths,1,Global,3,Both,31,85-89 years,294,All causes,173,Cholera,1,Number,1996,3257.3333745295035,3982.7933664094026,2660.4811465798866
1,Deaths,1,Global,3,Both,31,85-89 years,294,All causes,173,Cholera,1,Number,1997,3165.4454622627595,3848.647258541372,2587.02951962685
1,Deaths,1,Global,3,Both,31,85-89 years,294,All causes,173,Cholera,1,Number,1998,3089.7565600908456,3755.031667240144,2550.291037533824
1,Deaths,1,Global,3,Both,31,85-89 years,294,All causes,173,Cholera,1,Number,1999,2992.2766172241368,3650.851378739381,2457.440789967117
1,Deaths,1,Global,3,Both,31,85-89 years,294,All causes,173,Cholera,1,Number,2000,2934.466529241355,3583.3390289054514,2412.7813349274275
1,Deaths,1,Global,3,Both,31,85-89 years,294,All causes,173,Cholera,1,Number,2001,2916.501128381496,3558.635998115712,2393.068814538511
1,Deaths,1,Global,3,Both,31,85-89 years,294,All causes,173,Cholera,1,Number,2002,2910.93474653166,3574.9292885149084,2381.153267511489
1,Deaths,1,Global,3,Both,31,85-89 years,294,All causes,173,Cholera,1,Number,2003,2893.0143152774103,3553.081308239873,2359.858967242816
1,Deaths,1,Global,3,Both,31,85-89 years,294,All causes,173,Cholera,1,Number,2004,2884.742968248806,3536.248143392504,2340.565800698252
1,Deaths,1,Global,3,Both,31,85-89 years,294,All causes,173,Cholera,1,Number,2005,2839.557996584778,3459.1191024244586,2313.095210657278
1,Deaths,1,Global,3,Both,31,85-89 years,294,All causes,173,Cholera,1,Number,2006,2846.724413147784,3497.2176080845275,2316.4291979105947
1,Deaths,1,Global,3,Both,31,85-89 years,294,All causes,173,Cholera,1,Number,2007,2841.1953685186977,3504.927742180629,2302.1223518894167
1,Deaths,1,Global,3,Both,31,85-89 years,294,All causes,173,Cholera,1,Number,2008,2826.3649025649343,3485.128600793173,2244.102173181538
1,Deaths,1,Global,3,Both,31,85-89 years,294,All causes,173,Cholera,1,Number,2009,2776.7290183662344,3449.013760616633,2194.3362158158466
1,Deaths,1,Global,3,Both,31,85-89 years,294,All causes,173,Cholera,1,Number,2010,2724.4303592905385,3415.218879478167,2141.15426981216
1,Deaths,1,Global,3,Both,31,85-89 years,294,All causes,173,Cholera,1,Number,2011,2677.621424631143,3352.2383192161237,2092.702814259883
1,Deaths,1,Global,3,Both,31,85-89 years,294,All causes,173,Cholera,1,Number,2012,2580.879624399084,3265.222118835552,1993.867603316403
1,Deaths,1,Global,3,Both,31,85-89 years,294,All causes,173,Cholera,1,Number,2013,2531.33114616194,3252.203348381121,1946.5223461391304
1,Deaths,1,Global,3,Both,31,85-89 years,294,All causes,173,Cholera,1,Number,2014,2469.6550218854804,3211.5877541147715,1886.03269817589
1,Deaths,1,Global,3,Both,31,85-89 years,294,All causes,173,Cholera,1,Number,2015,2396.9470088481125,3138.8577369018785,1821.072572204556
1,Deaths,1,Global,3,Both,31,85-89 years,294,All causes,173,Cholera,1,Number,2016,2380.068174719341,3104.090561617146,1785.1266051238822
1,Deaths,1,Global,3,Both,31,85-89 years,294,All causes,173,Cholera,1,Number,2017,2368.5871195442146,3117.445303861994,1767.7146667886627
1,Deaths,1,Global,3,Both,31,85-89 years,294,All causes,173,Cholera,1,Number,2018,2343.320390314174,3096.4472916419927,1723.4838910644237
1,Deaths,1,Global,3,Both,31,85-89 years,294,All causes,173,Cholera,1,Number,2019,2318.178512870468,3080.815776166056,1694.9632725530005
1,Deaths,1,Global,3,Both,31,85-89 years,294,All causes,173,Cholera,1,Number,2020,2280.074682592363,3055.690967488783,1658.3409309090243
1,Deaths,1,Global,3,Both,31,85-89 years,294,All causes,173,Cholera,1,Number,2021,2202.813767613997,2956.2280962665,1595.2586900381757
1,Deaths,1,Global,3,Both,32,90-94 years,294,All causes,173,Cholera,1,Number,1990,958.130293032486,1156.3457290944866,768.9919312198372
1,Deaths,1,Global,3,Both,32,90-94 years,294,All causes,173,Cholera,1,Number,1991,1005.001455787152,1228.20257868749,811.0670449848589
1,Deaths,1,Global,3,Both,32,90-94 years,294,All causes,173,Cholera,1,Number,1992,1031.251721011196,1261.9781324107034,826.608873416654
1,Deaths,1,Global,3,Both,32,90-94 years,294,All causes,173,Cholera,1,Number,1993,1048.91494335779,1293.5385196768175,841.320884605102
1,Deaths,1,Global,3,Both,32,90-94 years,294,All causes,173,Cholera,1,Number,1994,1062.7390636447828,1310.0857255223673,852.8494246727505
1,Deaths,1,Global,3,Both,32,90-94 years,294,All causes,173,Cholera,1,Number,1995,1072.0129108406904,1318.4169898176283,857.9896268488819
1,Deaths,1,Global,3,Both,32,90-94 years,294,All causes,173,Cholera,1,Number,1996,1067.5596181465094,1317.887304677275,856.0635614275884
1,Deaths,1,Global,3,Both,32,90-94 years,294,All causes,173,Cholera,1,Number,1997,1050.390633440225,1293.0106316631527,844.5847633785181
1,Deaths,1,Global,3,Both,32,90-94 years,294,All causes,173,Cholera,1,Number,1998,1031.223919770776,1271.414468583279,834.0215723136396
1,Deaths,1,Global,3,Both,32,90-94 years,294,All causes,173,Cholera,1,Number,1999,1001.7664898541756,1238.9697426920889,804.2273285298118
1,Deaths,1,Global,3,Both,32,90-94 years,294,All causes,173,Cholera,1,Number,2000,985.473566404714,1217.006678861511,790.217404102043
1,Deaths,1,Global,3,Both,32,90-94 years,294,All causes,173,Cholera,1,Number,2001,981.7938254305562,1220.3341492707505,789.5511388587445
1,Deaths,1,Global,3,Both,32,90-94 years,294,All causes,173,Cholera,1,Number,2002,979.382142111264,1211.7101283059685,780.8601694242284
1,Deaths,1,Global,3,Both,32,90-94 years,294,All causes,173,Cholera,1,Number,2003,975.4491786465214,1208.4364581200316,783.8235709068515
1,Deaths,1,Global,3,Both,32,90-94 years,294,All causes,173,Cholera,1,Number,2004,970.066949899418,1196.7161416057515,776.6730194144754
1,Deaths,1,Global,3,Both,32,90-94 years,294,All causes,173,Cholera,1,Number,2005,956.6520952614628,1183.326476813365,771.4059518682575
1,Deaths,1,Global,3,Both,32,90-94 years,294,All causes,173,Cholera,1,Number,2006,969.4657173573688,1209.1868759529702,774.7021204654845
1,Deaths,1,Global,3,Both,32,90-94 years,294,All causes,173,Cholera,1,Number,2007,985.339067995124,1223.320242534421,786.1252024337753
1,Deaths,1,Global,3,Both,32,90-94 years,294,All causes,173,Cholera,1,Number,2008,991.5579857982189,1236.677148779481,785.9618317876423
1,Deaths,1,Global,3,Both,32,90-94 years,294,All causes,173,Cholera,1,Number,2009,989.2106871926871,1244.6952576030471,773.687873167629
1,Deaths,1,Global,3,Both,32,90-94 years,294,All causes,173,Cholera,1,Number,2010,976.499230706486,1245.2549213482637,752.5113705711276
1,Deaths,1,Global,3,Both,32,90-94 years,294,All causes,173,Cholera,1,Number,2011,960.676959104082,1232.053616807097,733.156671244657
1,Deaths,1,Global,3,Both,32,90-94 years,294,All causes,173,Cholera,1,Number,2012,926.7933590551164,1199.7417374229472,705.796784273615
1,Deaths,1,Global,3,Both,32,90-94 years,294,All causes,173,Cholera,1,Number,2013,913.2745348887372,1200.7946573865545,696.8756223596497
1,Deaths,1,Global,3,Both,32,90-94 years,294,All causes,173,Cholera,1,Number,2014,883.8665080162049,1165.7609071837887,664.9947108310289
1,Deaths,1,Global,3,Both,32,90-94 years,294,All causes,173,Cholera,1,Number,2015,855.0641595822074,1137.322581813234,638.7927850462049
1,Deaths,1,Global,3,Both,32,90-94 years,294,All causes,173,Cholera,1,Number,2016,857.8204118796076,1135.664231297627,635.0247392200677
1,Deaths,1,Global,3,Both,32,90-94 years,294,All causes,173,Cholera,1,Number,2017,865.9363453091823,1169.692681264975,636.0924801907479
1,Deaths,1,Global,3,Both,32,90-94 years,294,All causes,173,Cholera,1,Number,2018,876.5029196432242,1184.7901976234382,629.6646108608727
1,Deaths,1,Global,3,Both,32,90-94 years,294,All causes,173,Cholera,1,Number,2019,894.9510393815227,1210.513120870081,642.6140867716629
1,Deaths,1,Global,3,Both,32,90-94 years,294,All causes,173,Cholera,1,Number,2020,893.7208188616926,1216.669036426494,646.6149815359865
1,Deaths,1,Global,3,Both,32,90-94 years,294,All causes,173,Cholera,1,Number,2021,853.1110865642067,1159.9264648423857,608.9532871204577
